<?xml version="1.0" encoding="UTF-8"?>
<!DOCTYPE properties SYSTEM "http://java.sun.com/dtd/properties.dtd">

<!--	System configuration Properties used by the FlightGearGardener application
		Rev.: 2018-01-18
		
		This one is preconfigured for WINDOWS platforms
		
	================================================================
	TAKE CARE OF THE FOLLOWING CHANGES TO BE APPLIED BEFORE ANY RUN:
	==========================
	 	1. Please copy this template into your choosen configuration folder, then change ALL accurences 
			of $$!$$ into your account name, so that "C:\Users\$$!$$" equals your ACTUAL UserHome folder path.
-->
<properties>
   <!-- Entries relative to Loging -->
	<entry key="Log_Location">C:\Users\$$!$$\FG_GardenerV03\ZZ-Logs</entry>
	<entry key="Log_FileName">\FlightGearGardener-Run</entry>
	<entry key="Sync_LogName">\GardenSyncing-</entry>
	
   <!-- Entries relative to Debugging : Verbose Login IFF set to YES -->
	<entry key="DEBUGlogging">NO</entry>
	
   <!-- Entries relative to Geo Files -->
	<entry key="BackgroundMap_Location">C:\Users\$$!$$\FG_GardenerV03\ShapeFiles</entry>
	<entry key="Shapefile_Name">ne_110m_admin_0_countries</entry>
	
   <!-- Entries relative to Terrasync -->
	<entry key="Terrasync_Folder">C:\Users\$$!$$\FG_GardenerV03\DefaultTerrasync</entry>
	<entry key="Terrasync_DNSLookupName">terrasync.flightgear.org</entry>
	<entry key="Terrasync_DNSExcluded"></entry>
	<entry key="Terrasync_STAMPNAME">.ZsyncStamp</entry>
	<entry key="Terrain_FRESHGAP">+20</entry>
	<entry key="Objects_FRESHGAP">+90</entry>
</properties>