<?xml version="1.0" encoding="UTF-8"?>
<!DOCTYPE properties SYSTEM "http://java.sun.com/dtd/properties.dtd">

<!--	System configuration Properties used by the FlightGearGardener application
		Rev.: 2017-10-24
		
		See FG_GardenerV00\ReadMe\ConfigReadMe.txt for entries usage and possible modifications...
		
	================================================================
	TAKE CARE OF THE FOLLOWING CHANGES TO BE APPLIED BEFORE ANY RUN:
	==========================
	 	1. Hereafter, path syntax targets a Windows context: Please apply required changes (separator, 
				root name...) for non-Windows OSes);
		2. Please change $$!$$ into your account name (so that "C:\Users\$$!$$" equals your UserHome.
-->
<properties>
   <!-- Entries relative to Loging -->
	<entry key="Log_Location">C:\Users\$$!$$\FG_GardenerV00\ZZ-Logs</entry>
	<entry key="Log_FileName">\FlightGearGardener-Run</entry>
	<entry key="Sync_LogName">\GardenSyncing-</entry>
	
   <!-- Entries relative to Debugging : Verbose Login IFF set to YES -->
	<entry key="DEBUGlogging">NO</entry>
	
   <!-- Entries relative to Geo Files -->
	<entry key="BackgroundMap_Location">C:\Users\$$!$$\FG_GardenerV00\ShapeFiles</entry>
	<entry key="Shapefile_Name">ne_110m_admin_0_countries</entry>
	
   <!-- Entries relative to Terrasync -->
	<entry key="Terrasync_Folder">C:\Users\$$!$$\FG_GardenerV00\DefaultTerrasync</entry>
	<entry key="Terrasync_DNSLookupName">terrasync.flightgear.org</entry>
	<entry key="Terrasync_DNSExcluded"></entry>
	<entry key="Terrasync_STAMPNAME">.ZsyncStamp</entry>
	<entry key="Terrain_FRESHGAP">+180</entry>
	<entry key="Objects_FRESHGAP">+90</entry>
</properties>